<?xml version="1.0" encoding="UTF-8"?>
<project-private xmlns="http://www.netbeans.org/ns/project-private/1">
    <editor-bookmarks xmlns="http://www.netbeans.org/ns/editor-bookmarks/2" lastBookmarkId="0"/>
    <open-files xmlns="http://www.netbeans.org/ns/projectui-open-files/2">
        <group>
            <file>file:/C:/Users/set28/OneDrive/Documents/NetBeansProjects/ExeptionsTest/src/exeptionstest/ExeptionsTest.java</file>
            <file>file:/C:/Users/set28/OneDrive/Documents/NetBeansProjects/ExeptionsTest/src/exeptionstest/Invariants.java</file>
            <file>file:/C:/Users/set28/OneDrive/Documents/NetBeansProjects/ExeptionsTest/src/exeptionstest/myFile.java</file>
            <file>file:/C:/Users/set28/OneDrive/Documents/NetBeansProjects/ExeptionsTest/src/exeptionstest/MyException.java</file>
        </group>
    </open-files>
</project-private>
